Comment,Designator,Footprint,LCSC Part #
0.1uF,C3 C4 C5 C6 C7 C8 C9 C10 C11 C12 C13 C14 C15 C16 C17 C18 C19 C20 C21 C22 C23 C24 C25 C26 C27 C28 C29 C30 C31 C42 C43 C44 C45 C46 C47 C48 C49 C50 C51 C52 C53 C54 C55 C66 C67 C68 C69 C70 C71,805,
1k,R6 R9 R11 R13 R18 R20,R0805,
1pF,C32 C33 C34 C35 C36 C37,805,
4.7K,R35,R0805,
4.7k,R14 R25 R31 R48 R49 R50 R51,R0805,
10uF,C1 C2 C38 C39 C40 C41,805,
47,R2 R34 R37 R39 R41 R43 R44 R45 R46 R52,R0805,
50?,R42,R0805,
74LVC2G06GW 125,IC21,SOT65P210X110-6N,
74LVC2G06GW 125,IC22,SOT65P210X110-6N,
74LVC2G06GW 125,IC23,SOT65P210X110-6N,
74LVC2G06GW 125,IC24,SOT65P210X110-6N,
100,R1 R7 R8 R10 R12 R19 R21 R22 R23 R24 R26 R27 R28 R29 R30 R32 R33 R36 R38 R40,R0805,
100k,R3 R17,R0805,
470pF,C56 C57 C58 C59 C60 C61 C62 C63 C64 C65,805,
DAC7578SPWR,IC2 IC16,SOP65P640X120-16N,
LTC6229IMS8E#TRPBF,IC3 IC4 IC8 IC9 IC10,SOP65P490X110-9N,
OPA699ID,IC1 IC6 IC7,SOIC127P600X175-8N,
SN74AUC2G66DCTR,IC12 IC13 IC14 IC15 IC17 IC18 IC19 IC20,SOP65P400X130-8N,
TXS0108EPWR,U1,TSSOP20-0.65-6.5X4.4MM,
